{"cameraMode":{"drawMode":0,"name":"Shaded","section":"Shading Mode"},"sceneLighting":true,"audioPlay":false,"sceneViewState":{"m_AlwaysRefresh":false,"showFog":true,"showSkybox":true,"showFlares":true,"showImageEffects":true,"showParticleSystems":true,"showVisualEffectGraphs":true,"m_FxEnabled":true},"in2DMode":false,"pivot":{"x":0.3948174715042114,"y":1.9412851333618165,"z":110.11837768554688},"rotation":{"x":0.4757312536239624,"y":0.01714998483657837,"z":-0.00927793700248003,"w":0.8793748617172241},"size":9.25284481048584,"orthographic":false}