{"cameraMode":{"drawMode":0,"name":"Shaded","section":"Shading Mode"},"sceneLighting":true,"audioPlay":false,"sceneViewState":{"m_AlwaysRefresh":false,"showFog":true,"showSkybox":true,"showFlares":true,"showImageEffects":true,"showParticleSystems":true,"showVisualEffectGraphs":true,"m_FxEnabled":true},"in2DMode":false,"pivot":{"x":-3.2613744735717775,"y":0.8149999976158142,"z":101.98580169677735},"rotation":{"x":0.1032857820391655,"y":-0.02386956848204136,"z":0.002479400485754013,"w":0.9943634867668152},"size":4.789662837982178,"orthographic":true}